<?xml version="1.0" encoding="utf-8"?>
<browserconfig>
  <msapplication>
    <tile>
      <square70x70logo src="https://github.com/Zagorakiss/chpfly/tree/master/assets/favicons/mstile-70x70.png"/>
      <square150x150logo src="https://github.com/Zagorakiss/chpfly/tree/master/assets/favicons/mstile-150x150.png"/>
      <square310x310logo src="https://github.com/Zagorakiss/chpfly/tree/master/assets/favicons/mstile-310x310.png"/>
      <wide310x150logo src="https://github.com/Zagorakiss/chpfly/tree/master/assets/favicons/mstile-310x150.png"/>
      <TileColor>#353535</TileColor>
    </tile>
  </msapplication>
</browserconfig>
